titel,genre,beskrivning
Avatar,Sci-fi,En förlamad marinsoldat tar kontroll över en utomjordisk kropp.
Mission Impossible,Action,Agenten Ethan Hunt stoppar globala terrorhot.
Home Alone,Komedi,En kvarglömd pojke försvarar sitt hem mot tjuvar.
Boyz n the Hood,Krimdrama,Tre unga män kämpar med gängvåld i Los Angeles.
Friday,Komedi,Två vänner måste skrapa fram pengar innan kvällen är slut.
Get Rich or Die Tryin,Kriminaldrama,En skottskadad langare vill bli rappare.
Rush Hour,Actionkomedi,Två omaka poliser samarbetar för att rädda en flicka.
Marty Supreme,Komedi,En ambitiös pingis-hustler i 1950-talets New York.
james bond,action,mi6 agent
